<?xml version="1.0" encoding="utf-8"?>
<pages>
<link>
<title>Đồ chơi đàn ghita 168-11</title>
<url>index.php?DenSanPhamTimDuoc=61</url>
</link>
<link>
<title>Đồ chơi kèn trompet 3232</title>
<url>index.php?DenSanPhamTimDuoc=63</url>
</link>
<link>
<title>Đồ chơi kèn hình chai sữa 3325</title>
<url>index.php?DenSanPhamTimDuoc=64</url>
</link>
<link>
<title>Đồ chơi Angry Birds SB016</title>
<url>index.php?DenSanPhamTimDuoc=66</url>
</link>
<link>
<title>Đồ chơi xếp hình Fisher Price</title>
<url>index.php?DenSanPhamTimDuoc=67</url>
</link>
<link>
<title>Đồ chơi Roobot Dragon Force D9032 - Thần Giáp Xanh Lam Biến Hình</title>
<url>index.php?DenSanPhamTimDuoc=68</url>
</link>
<link>
<title>Búp bê mùa đông ( bé )</title>
<url>index.php?DenSanPhamTimDuoc=93</url>
</link>
<link>
<title>Bộ búp bê bướm 836338 - 4</title>
<url>index.php?DenSanPhamTimDuoc=94</url>
</link>
<link>
<title>Đồ chơi búp bê phi công 89989</title>
<url>index.php?DenSanPhamTimDuoc=95</url>
</link>
<link>
<title>ĐỒ CHƠI BÚP BÊ GANG NAM STYLE D6605</title>
<url>index.php?DenSanPhamTimDuoc=96</url>
</link>
<link>
<title>Bộ đồ chơi bác sỹ 093</title>
<url>index.php?DenSanPhamTimDuoc=97</url>
</link>
<link>
<title>ĐỒ CHƠI TẬP LÀM BÁC SĨ 9902</title>
<url>index.php?DenSanPhamTimDuoc=98</url>
</link>
<link>
<title>GẤU TEDDY FISHER PRICE HỌC VÀ HÁT (FISHER-PRICE LEARN AND SING TEDDY)</title>
<url>index.php?DenSanPhamTimDuoc=99</url>
</link>
<link>
<title>Thú bông lò xo Thái Lan</title>
<url>index.php?DenSanPhamTimDuoc=100</url>
</link>
<link>
<title>Thú sâu hạt L2</title>
<url>index.php?DenSanPhamTimDuoc=101</url>
</link>
<link>
<title>Đồ chơi oto điều khiển LAMBORGHINI LP670-4</title>
<url>index.php?DenSanPhamTimDuoc=102</url>
</link>
<link>
<title>Đồ chơi oto điều khiển LAMBORGHINI 29000</title>
<url>index.php?DenSanPhamTimDuoc=103</url>
</link>
<link>
<title>Đồ chơi trẻ em mô hình Ngũ Hành Vương</title>
<url>index.php?DenSanPhamTimDuoc=104</url>
</link>
<link>
<title>ĐẤT SÉT NẶN THÁI LAN 12 MÀU KHÔNG CÓ KHUÔN KID-ART</title>
<url>index.php?DenSanPhamTimDuoc=105</url>
</link>
<link>
<title> THÔNG TIN SẢN PHẨM ĐỒ CHƠI THÔNG MINH RUBIK BIẾN HÌNH</title>
<url>index.php?DenSanPhamTimDuoc=106</url>
</link>
<link>
<title>Bộ xoay nam châm thông minh cho bé học phép tính cộng trừ nhân chia</title>
<url>index.php?DenSanPhamTimDuoc=108</url>
</link>
<link>
<title>Đồ chơi đàn hình bò 4400</title>
<url>index.php?DenSanPhamTimDuoc=109</url>
</link>
<link>
<title>ĐỒ CHƠI MÈO NHẠI TIẾNG VIỆT TALKING TOM CAT LOẠI NHỎ</title>
<url>index.php?DenSanPhamTimDuoc=110</url>
</link>
<link>
<title>ĐỒ CHƠI GANG NAM STYLE 56566</title>
<url>index.php?DenSanPhamTimDuoc=111</url>
</link>
<link>
<title>Phát sáng Có âm thanh Sử dụng pin hoặc nguồn điện</title>
<url>index.php?DenSanPhamTimDuoc=112</url>
</link>
<link>
<title>ĐỒ CHƠI NHẠC "BÉ GỌI DI ĐỘNG" BF-767</title>
<url>index.php?DenSanPhamTimDuoc=113</url>
</link>
<link>
<title>Hộp nhạc Music block</title>
<url>index.php?DenSanPhamTimDuoc=114</url>
</link>
<link>
<title>ĐỒ CHƠI TREO NÔI WINFUN 0815</title>
<url>index.php?DenSanPhamTimDuoc=115</url>
</link>
<link>
<title>CÂY HOA XÚC XẮC BKIDS</title>
<url>index.php?DenSanPhamTimDuoc=117</url>
</link>
<link>
<title>XÚC XẮC KHỈ CON TUNG HỨNG</title>
<url>index.php?DenSanPhamTimDuoc=118</url>
</link>
<link>
<title>ĐỒ CHƠI TẮM VỊT CON DEDEE</title>
<url>index.php?DenSanPhamTimDuoc=119</url>
</link>
<link>
<title>KÍNH BƠI INTEX 55602</title>
<url>index.php?DenSanPhamTimDuoc=120</url>
</link>
<link>
<title>VỊT BÁO NÓNG MUNCHKIN</title>
<url>index.php?DenSanPhamTimDuoc=121</url>
</link>
<link>
<title>NHÀ BÓNG TOYSBRO BOWLING TJ3316 CHO BÉ</title>
<url>index.php?DenSanPhamTimDuoc=122</url>
</link>
<link>
<title>XE MÁY ĐIỆN TRẺ EM LK 3010</title>
<url>index.php?DenSanPhamTimDuoc=123</url>
</link>
<link>
<title>Lego Ninjago 2 - Bộ chiến thuyền rồng đỏ</title>
<url>index.php?DenSanPhamTimDuoc=126</url>
</link>
<link>
<title>Đèn ru ngủ Hello Kitty</title>
<url>index.php?DenSanPhamTimDuoc=127</url>
</link>
<link>
<title>Hộp nhạc Music block</title>
<url>index.php?DenSanPhamTimDuoc=128</url>
</link>
<link>
<title>ĐỒ CHƠI TRỐNG CHO BÉ</title>
<url>index.php?DenSanPhamTimDuoc=129</url>
</link>
<link>
<title>Chú chó Fisher Price biết hát (Đồ chơi Fisher Price)</title>
<url>index.php?DenSanPhamTimDuoc=130</url>
</link>
<link>
<title>Đồ chơi Tomy 395560 - Mô hình tàu hỏa Sakura Set</title>
<url>index.php?DenSanPhamTimDuoc=131</url>
</link>
<link>
<title>Đồ chơi SIKU 1337- Porsche Turbo Cabrio</title>
<url>index.php?DenSanPhamTimDuoc=132</url>
</link>
<link>
<title>Đồ chơi cho bé Siku 1318 – Mô hình Lamborghini Murciélago</title>
<url>index.php?DenSanPhamTimDuoc=133</url>
</link>
<link>
<title>Đồ chơi phi tiêu bằng gỗ 2 mặt</title>
<url>index.php?DenSanPhamTimDuoc=134</url>
</link>
<link>
<title>Chất liệu nilong Hình ảnh màu sắc ngộ nghĩnh Dùng trang trí căn phòng cho bé</title>
<url>index.php?DenSanPhamTimDuoc=135</url>
</link>
<link>
<title> nhà sản xuất đồ chơi: Autoru</title>
<url>index.php?DenNhaSanXuatTimDuoc=29</url>
</link>
<link>
<title> nhà sản xuất đồ chơi: Bright Starts</title>
<url>index.php?DenNhaSanXuatTimDuoc=31</url>
</link>
<link>
<title> nhà sản xuất đồ chơi: Canpol</title>
<url>index.php?DenNhaSanXuatTimDuoc=32</url>
</link>
<link>
<title> nhà sản xuất đồ chơi: Chicco</title>
<url>index.php?DenNhaSanXuatTimDuoc=33</url>
</link>
<link>
<title> nhà sản xuất đồ chơi: Combi</title>
<url>index.php?DenNhaSanXuatTimDuoc=34</url>
</link>
<link>
<title> nhà sản xuất đồ chơi: Disney</title>
<url>index.php?DenNhaSanXuatTimDuoc=35</url>
</link>
<link>
<title> nhà sản xuất đồ chơi: Fisher Price</title>
<url>index.php?DenNhaSanXuatTimDuoc=37</url>
</link>
<link>
<title> nhà sản xuất đồ chơi: LEGO</title>
<url>index.php?DenNhaSanXuatTimDuoc=40</url>
</link>
<link>
<title> nhà sản xuất đồ chơi: Little Tikes</title>
<url>index.php?DenNhaSanXuatTimDuoc=41</url>
</link>
<link>
<title> nhà sản xuất đồ chơi: Long Hưng</title>
<url>index.php?DenNhaSanXuatTimDuoc=42</url>
</link>
<link>
<title> nhà sản xuất đồ chơi: Nano mumybear</title>
<url>index.php?DenNhaSanXuatTimDuoc=44</url>
</link>
<link>
<title> nhà sản xuất đồ chơi: Ngọc Anh</title>
<url>index.php?DenNhaSanXuatTimDuoc=46</url>
</link>
<link>
<title> nhà sản xuất đồ chơi: Nuk</title>
<url>index.php?DenNhaSanXuatTimDuoc=47</url>
</link>
<link>
<title> nhà sản xuất đồ chơi: Playgro</title>
<url>index.php?DenNhaSanXuatTimDuoc=49</url>
</link>
<link>
<title> nhà sản xuất đồ chơi: Shop Trẻ Thơ</title>
<url>index.php?DenNhaSanXuatTimDuoc=52</url>
</link>
<link>
<title> nhà sản xuất đồ chơi: Siku</title>
<url>index.php?DenNhaSanXuatTimDuoc=53</url>
</link>
<link>
<title> nhà sản xuất đồ chơi: The First Year</title>
<url>index.php?DenNhaSanXuatTimDuoc=54</url>
</link>
<link>
<title> nhà sản xuất đồ chơi: Veesano</title>
<url>index.php?DenNhaSanXuatTimDuoc=57</url>
</link>
<link>
<title> nhà sản xuất đồ chơi: Winwin Toys</title>
<url>index.php?DenNhaSanXuatTimDuoc=59</url>
</link>
<link>
<title> loại đồ chơi đồ chơi: Đồ chơi phát nhạc</title>
<url>index.php?DenLoaiDoChoiTimDuoc=18</url>
</link>
<link>
<title> loại đồ chơi đồ chơi: Đồ chơi xếp hình, mô hình</title>
<url>index.php?DenLoaiDoChoiTimDuoc=19</url>
</link>
<link>
<title> loại đồ chơi đồ chơi: Đồ chơi trí tuệ, thông minh</title>
<url>index.php?DenLoaiDoChoiTimDuoc=20</url>
</link>
<link>
<title> loại đồ chơi đồ chơi: Căn răng, xúc xắc, lục lạc</title>
<url>index.php?DenLoaiDoChoiTimDuoc=21</url>
</link>
<link>
<title> loại đồ chơi đồ chơi: Bộ đồ nghề, nhập vai</title>
<url>index.php?DenLoaiDoChoiTimDuoc=22</url>
</link>
<link>
<title> loại đồ chơi đồ chơi: Đồ chơi nhà tắm, bồn tắm</title>
<url>index.php?DenLoaiDoChoiTimDuoc=23</url>
</link>
<link>
<title> loại đồ chơi đồ chơi: Đồ chơi treo xe, nôi, giường</title>
<url>index.php?DenLoaiDoChoiTimDuoc=24</url>
</link>
<link>
<title> loại đồ chơi đồ chơi: Đồ chơi vận động thể chất</title>
<url>index.php?DenLoaiDoChoiTimDuoc=25</url>
</link>
<link>
<title> loại đồ chơi đồ chơi: Đồ chơi bông vải</title>
<url>index.php?DenLoaiDoChoiTimDuoc=26</url>
</link>
<link>
<title> loại đồ chơi đồ chơi: Tranh dán, đo chiều cao</title>
<url>index.php?DenLoaiDoChoiTimDuoc=27</url>
</link>
<link>
<title> loại đồ chơi đồ chơi: Búp bê</title>
<url>index.php?DenLoaiDoChoiTimDuoc=28</url>
</link>
<link>
<title> loại đồ chơi đồ chơi: Đồ chơi điều khiển</title>
<url>index.php?DenLoaiDoChoiTimDuoc=29</url>
</link>
</pages>
